feature,importance
Sex,0.2573813275049834
Fare,0.2136950567823327
Age,0.19698243754678738
Fare_bin,0.08213756683838501
Pclass,0.07903550553497234
Age_bin,0.06881681746552216
FamilySize,0.06881564299838233
Embarked,0.0331356453286347
