{
  "val_acc": 0.8100558659217877,
  "val_precision": 0.7692307692307693,
  "val_recall": 0.7246376811594203,
  "val_f1": 0.746268656716418,
  "kaggle_score": 0.75598
}